{
    "precision": 0.9997045432738949,
    "recall": 1.0,
    "mAP50": 0.9950000000000001,
    "mAP50-95": 0.9836786791547902
}