{
    "epochs": 50,
    "batch_size": 64,
    "learning_rate": 0.001,
    "num_classes": 28,
    "num_samples_original": 59802,
    "num_samples_filtered": 59801,
    "num_train_samples": 44850,
    "num_test_samples": 14951,
    "best_accuracy": 0.9945154170289613,
    "precision_weighted": 0.9939354913120017,
    "recall_weighted": 0.9939134506053107,
    "f1_score_weighted": 0.9939174047592517,
    "classes": [
        "A",
        "B",
        "C",
        "D",
        "E",
        "F",
        "G",
        "H",
        "I",
        "J",
        "K",
        "L",
        "M",
        "N",
        "O",
        "P",
        "Q",
        "R",
        "S",
        "T",
        "U",
        "V",
        "W",
        "X",
        "Y",
        "Z",
        "del",
        "space"
    ],
    "class_distribution": {
        "A": 2086,
        "B": 2152,
        "C": 1796,
        "del": 1425,
        "D": 2300,
        "E": 2202,
        "F": 2767,
        "G": 2291,
        "H": 2297,
        "I": 2272,
        "J": 2435,
        "K": 2598,
        "L": 2419,
        "M": 1183,
        "N": 996,
        "O": 2161,
        "P": 1923,
        "Q": 1957,
        "R": 2435,
        "space": 1217,
        "S": 2435,
        "T": 2262,
        "U": 2452,
        "V": 2490,
        "W": 2403,
        "X": 2075,
        "Y": 2524,
        "Z": 2248
    },
    "removed_classes": [
        "label"
    ]
}